                  epoch,         train/box_loss,         train/cls_loss,         train/dfl_loss,   metrics/precision(B),      metrics/recall(B),       metrics/mAP50(B),    metrics/mAP50-95(B),           val/box_loss,           val/cls_loss,           val/dfl_loss,                 lr/pg0,                 lr/pg1,                 lr/pg2
                      1,                 1.2861,                 3.0195,                 1.4687,                0.38728,                0.54076,                0.48528,                0.30031,                 1.2811,                 3.0934,                 1.4551,             0.00047515,             0.00047515,             0.00047515
                      2,                 1.3254,                 2.1092,                 1.4679,                0.57682,                0.33072,                0.39007,                0.22472,                 1.6001,                 3.0334,                 1.7342,             0.00076309,             0.00076309,             0.00076309
                      3,                 1.2767,                  1.749,                 1.4321,                0.72662,                0.64717,                0.73081,                0.49634,                  1.137,                 1.5754,                 1.3438,              0.0008624,              0.0008624,              0.0008624
                      4,                 1.1649,                  1.434,                 1.3433,                0.81571,                0.74481,                0.82491,                0.57535,                 1.0534,                 1.2865,                 1.2598,             0.00058017,             0.00058017,             0.00058017
                      5,                  1.062,                  1.168,                 1.2784,                 0.8638,                0.83029,                0.90378,                0.67017,                 0.9329,                0.85883,                 1.1603,             0.00029723,             0.00029723,             0.00029723
